<?xml version="1.0" encoding="UTF-8"?>
<gmi:MI_Metadata xmlns:gco="http://www.isotc211.org/2005/gco"
                 xmlns:gmd="http://www.isotc211.org/2005/gmd"
                 xmlns:gmi="http://www.isotc211.org/2005/gmi"
                 xmlns:gmx="http://www.isotc211.org/2005/gmx"
                 xmlns:gsr="http://www.isotc211.org/2005/gsr"
                 xmlns:gss="http://www.isotc211.org/2005/gss"
                 xmlns:gts="http://www.isotc211.org/2005/gts"
                 xmlns:gml="http://www.opengis.net/gml/3.2"
                 xmlns:xlink="http://www.w3.org/1999/xlink"
                 xmlns:xsi="http://www.w3.org/2001/XMLSchema-instance"
                 xsi:schemaLocation="http://www.isotc211.org/2005/gmi http://www.ngdc.noaa.gov/metadata/published/xsd/schema.xsd">
   <gmd:fileIdentifier>
      <gco:CharacterString/>
   </gmd:fileIdentifier>
   <gmd:language>
      <gco:CharacterString>eng; USA</gco:CharacterString>
   </gmd:language>
   <gmd:characterSet>
      <gmd:MD_CharacterSetCode codeList="http://www.isotc211.org/2005/resources/Codelist/gmxCodelists.xml#MD_CharacterSetCode"
                               codeListValue="utf8">utf8</gmd:MD_CharacterSetCode>
   </gmd:characterSet>
   <gmd:hierarchyLevel>
      <gmd:MD_ScopeCode codeList="http://www.isotc211.org/2005/resources/Codelist/gmxCodelists.xml#MD_ScopeCode"
                        codeListValue="dataset">dataset</gmd:MD_ScopeCode>
   </gmd:hierarchyLevel>
   <gmd:contact>
      <gmd:CI_ResponsibleParty>
         <gmd:organisationName>
            <gco:CharacterString>NSGIC GIS Inventory</gco:CharacterString>
         </gmd:organisationName>
         <gmd:contactInfo>
            <gmd:CI_Contact>
               <gmd:phone>
                  <gmd:CI_Telephone>
                     <gmd:voice>
                        <gco:CharacterString>(443) 640-1075</gco:CharacterString>
                     </gmd:voice>
                  </gmd:CI_Telephone>
               </gmd:phone>
               <gmd:address>
                  <gmd:CI_Address>
                     <gmd:deliveryPoint>
                        <gco:CharacterString>9 Newport Drive, Suite 200</gco:CharacterString>
                     </gmd:deliveryPoint>
                     <gmd:city>
                        <gco:CharacterString>Forest Hill</gco:CharacterString>
                     </gmd:city>
                     <gmd:administrativeArea>
                        <gco:CharacterString>MD</gco:CharacterString>
                     </gmd:administrativeArea>
                     <gmd:postalCode>
                        <gco:CharacterString>21050</gco:CharacterString>
                     </gmd:postalCode>
                     <gmd:country>
                        <gco:CharacterString>USA</gco:CharacterString>
                     </gmd:country>
                     <gmd:electronicMailAddress>
                        <gco:CharacterString>contact@gisinventory.net</gco:CharacterString>
                     </gmd:electronicMailAddress>
                  </gmd:CI_Address>
               </gmd:address>
            </gmd:CI_Contact>
         </gmd:contactInfo>
         <gmd:role>
            <gmd:CI_RoleCode codeList="http://www.ngdc.noaa.gov/metadata/published/xsd/schema/resources/Codelist/gmxCodelists.xml#CI_RoleCode"
                             codeListValue="pointOfContact">pointOfContact</gmd:CI_RoleCode>
         </gmd:role>
      </gmd:CI_ResponsibleParty>
   </gmd:contact>
   <gmd:dateStamp>
      <gco:Date>2016-12-16</gco:Date>
   </gmd:dateStamp>
   <gmd:metadataStandardName>
      <gco:CharacterString>ISO 19115-2 Geographic Information - Metadata - Part 2: Extensions for Imagery and Gridded Data</gco:CharacterString>
   </gmd:metadataStandardName>
   <gmd:metadataStandardVersion>
      <gco:CharacterString>ISO 19115-2:2009(E)</gco:CharacterString>
   </gmd:metadataStandardVersion>
   <gmd:identificationInfo>
      <gmd:MD_DataIdentification>
         <gmd:citation>
            <gmd:CI_Citation>
               <gmd:title>
                  <gco:CharacterString>Agriculture, Crops - CULTIVATED_AREAS_USDA_IN: Cultivated Areas in Indiana in 2004 (United States Department of Agriculture, 1:100,000, Polygon Shapefile)</gco:CharacterString>
               </gmd:title>
               <gmd:date>
                  <gmd:CI_Date>
                     <gmd:date>
                        <gco:Date>2016-01-01</gco:Date>
                     </gmd:date>
                     <gmd:dateType>
                        <gmd:CI_DateTypeCode codeList="http://www.isotc211.org/2005/resources/Codelist/gmxCodelists.xml#CI_DateTypeCode"
                                             codeListValue="publication">publication</gmd:CI_DateTypeCode>
                     </gmd:dateType>
                  </gmd:CI_Date>
               </gmd:date>
               <gmd:citedResponsibleParty>
                  <gmd:CI_ResponsibleParty>
                     <gmd:organisationName>
                        <gco:CharacterString>Indiana Geographic Information Council, Inc. (IGIC)</gco:CharacterString>
                     </gmd:organisationName>
                     <gmd:contactInfo>
                        <gmd:CI_Contact>
                           <gmd:address>
                              <gmd:CI_Address>
                                 <gmd:city>
                                    <gco:CharacterString>Indianapolis</gco:CharacterString>
                                 </gmd:city>
                                 <gmd:administrativeArea>
                                    <gco:CharacterString> IN</gco:CharacterString>
                                 </gmd:administrativeArea>
                              </gmd:CI_Address>
                           </gmd:address>
                        </gmd:CI_Contact>
                     </gmd:contactInfo>
                     <gmd:role>
                        <gmd:CI_RoleCode codeList="http://www.ngdc.noaa.gov/metadata/published/xsd/schema/resources/Codelist/gmxCodelists.xml#CI_RoleCode"
                                         codeListValue="publisher">publisher</gmd:CI_RoleCode>
                     </gmd:role>
                  </gmd:CI_ResponsibleParty>
               </gmd:citedResponsibleParty>
               <!--ORIGIN--><gmd:citedResponsibleParty>
                  <gmd:CI_ResponsibleParty>
                     <gmd:organisationName>
                        <gco:CharacterString>United States Department of Agriculture, National Agricultural Statistics Service, Research and Development Division, Geospatia</gco:CharacterString>
                     </gmd:organisationName>
                     <gmd:role>
                        <gmd:CI_RoleCode codeList="http://www.ngdc.noaa.gov/metadata/published/xsd/schema/resources/Codelist/gmxCodelists.xml#CI_RoleCode"
                                         codeListValue="originator">originator</gmd:CI_RoleCode>
                     </gmd:role>
                  </gmd:CI_ResponsibleParty>
               </gmd:citedResponsibleParty>
               <gmd:citedResponsibleParty>
                  <gmd:CI_ResponsibleParty>
                     <gmd:organisationName gco:nilReason="missing"/>
                     <gmd:contactInfo>
                        <gmd:CI_Contact>
                           <gmd:onlineResource>
                              <gmd:CI_OnlineResource>
                                 <gmd:linkage>
                                    <gmd:URL>http://www.igic.org</gmd:URL>
                                 </gmd:linkage>
                              </gmd:CI_OnlineResource>
                           </gmd:onlineResource>
                        </gmd:CI_Contact>
                     </gmd:contactInfo>
                     <gmd:role gco:nilReason="inapplicable"/>
                  </gmd:CI_ResponsibleParty>
               </gmd:citedResponsibleParty>
               <gmd:otherCitationDetails>
                  <gco:CharacterString>gis-inventory-metadata-31-36481.xml</gco:CharacterString>
               </gmd:otherCitationDetails>
            </gmd:CI_Citation>
         </gmd:citation>
         <gmd:abstract>
            <gco:CharacterString>The United States Department of Agriculture (USDA), National Agricultural Statistics Service (NASS) area sampling frame is a delineation of all parcels of land for the purpose of later sampling the parcels. The area frame is constructed by visually interpreting satellite imagery to divide a state into homogenous land use areas (strata) based on percent cultivated. The strata are typically defined as low, medium, or high percent cultivated, nonagricultural land, urban use, agri-urban, or water. The boundaries of the strata usually follow identifiable features such as roads, railroads, and waterways. The strata boundaries do not coincide with any political boundaries, with the exception of state boundaries.</gco:CharacterString>
         </gmd:abstract>
         <gmd:purpose>
            <gco:CharacterString>These data are intended for geographic display and analysis at the state level. The data should be displayed and analyzed at a scale of 1:100,000 or smaller (for example, 1:250,000, and so on). The strata data are provided "as is." USDA/NASS does not warrant results you may obtain using the strata data.</gco:CharacterString>
         </gmd:purpose>
         <gmd:status>
            <gmd:MD_ProgressCode codeList="http://www.isotc211.org/2005/resources/Codelist/gmxCodelists.xml#MD_ProgressCode"
                                 codeListValue="completed">completed</gmd:MD_ProgressCode>
         </gmd:status>
         <gmd:pointOfContact>
            <gmd:CI_ResponsibleParty>
               <gmd:individualName>
                  <gco:CharacterString>Phil Worrall</gco:CharacterString>
               </gmd:individualName>
               <gmd:organisationName>
                  <gco:CharacterString>Indiana Geographic Information Council, Inc. (IGIC)</gco:CharacterString>
               </gmd:organisationName>
               <gmd:positionName>
                  <gco:CharacterString>Executive Director</gco:CharacterString>
               </gmd:positionName>
               <gmd:contactInfo>
                  <gmd:CI_Contact>
                     <gmd:phone>
                        <gmd:CI_Telephone>
                           <gmd:voice>
                              <gco:CharacterString>317-489-0091</gco:CharacterString>
                           </gmd:voice>
                        </gmd:CI_Telephone>
                     </gmd:phone>
                     <gmd:address>
                        <gmd:CI_Address>
                           <gmd:deliveryPoint>
                              <gco:CharacterString>777 Indiana Ave.</gco:CharacterString>
                           </gmd:deliveryPoint>
                           <gmd:city>
                              <gco:CharacterString>Indianapolis</gco:CharacterString>
                           </gmd:city>
                           <gmd:administrativeArea>
                              <gco:CharacterString>IN</gco:CharacterString>
                           </gmd:administrativeArea>
                           <gmd:postalCode>
                              <gco:CharacterString>46202</gco:CharacterString>
                           </gmd:postalCode>
                        </gmd:CI_Address>
                     </gmd:address>
                  </gmd:CI_Contact>
               </gmd:contactInfo>
               <gmd:role>
                  <gmd:CI_RoleCode codeList="http://www.ngdc.noaa.gov/metadata/published/xsd/schema/resources/Codelist/gmxCodelists.xml#CI_RoleCode"
                                   codeListValue="pointOfContact">pointOfContact</gmd:CI_RoleCode>
               </gmd:role>
            </gmd:CI_ResponsibleParty>
         </gmd:pointOfContact>
         <gmd:resourceMaintenance>
            <gmd:MD_MaintenanceInformation>
               <gmd:maintenanceAndUpdateFrequency>
                  <gmd:MD_MaintenanceFrequencyCode codeList="http://www.isotc211.org/2005/resources/Codelist/gmxCodelists.xml#MD_MaintenanceFrequencyCode"
                                                   codeListValue="irregular">irregular</gmd:MD_MaintenanceFrequencyCode>
               </gmd:maintenanceAndUpdateFrequency>
            </gmd:MD_MaintenanceInformation>
         </gmd:resourceMaintenance>
         <gmd:descriptiveKeywords>
            <gmd:MD_Keywords>
               <gmd:keyword>
                  <gco:CharacterString>farming</gco:CharacterString>
               </gmd:keyword>
               <gmd:keyword>
                  <gco:CharacterString>Agricultural Development</gco:CharacterString>
               </gmd:keyword>
               <gmd:keyword>
                  <gco:CharacterString>Crop</gco:CharacterString>
               </gmd:keyword>
               <gmd:keyword>
                  <gco:CharacterString>Farmland</gco:CharacterString>
               </gmd:keyword>
               <gmd:keyword>
                  <gco:CharacterString>Grain</gco:CharacterString>
               </gmd:keyword>
               <gmd:type>
                  <gmd:MD_KeywordTypeCode codeList="http://www.isotc211.org/2005/resources/Codelist/gmxCodelists.xml#MD_KeywordTypeCode"
                                          codeListValue="theme">theme</gmd:MD_KeywordTypeCode>
               </gmd:type>
               <gmd:thesaurusName>
                  <gmd:CI_Citation>
                     <gmd:title>
                        <gco:CharacterString>NSGIC GIS Inventory Theme Keyword Thesaurus</gco:CharacterString>
                     </gmd:title>
                     <gmd:date gco:nilReason="unknown"/>
                  </gmd:CI_Citation>
               </gmd:thesaurusName>
            </gmd:MD_Keywords>
         </gmd:descriptiveKeywords>
         <gmd:descriptiveKeywords>
            <gmd:MD_Keywords>
               <gmd:keyword>
                  <gco:CharacterString>Indiana</gco:CharacterString>
               </gmd:keyword>
               <gmd:type>
                  <gmd:MD_KeywordTypeCode codeList="http://www.isotc211.org/2005/resources/Codelist/gmxCodelists.xml#MD_KeywordTypeCode"
                                          codeListValue="place">place</gmd:MD_KeywordTypeCode>
               </gmd:type>
               <gmd:thesaurusName>
                  <gmd:CI_Citation>
                     <gmd:title>
                        <gco:CharacterString>NSGIC GIS Inventory Place Keyword Thesaurus</gco:CharacterString>
                     </gmd:title>
                     <gmd:date gco:nilReason="unknown"/>
                  </gmd:CI_Citation>
               </gmd:thesaurusName>
            </gmd:MD_Keywords>
         </gmd:descriptiveKeywords>
         <gmd:resourceConstraints>
            <gmd:MD_Constraints>
               <gmd:useLimitation>
                  <gco:CharacterString>Although these data have been processed successfully on a computer system by the data steward, no warranty either expressed or implied is made regarding the utility of the data on any system, nor shall this notice generated by the NSGIC GIS Inventory System or the act of distribution constitute any such warranty. The data steward may have additional liability information associated with delivery or distribution of this product.</gco:CharacterString>
               </gmd:useLimitation>
            </gmd:MD_Constraints>
         </gmd:resourceConstraints>
         <gmd:resourceConstraints>
            <gmd:MD_LegalConstraints>
               <gmd:useConstraints>
                  <gmd:MD_RestrictionCode codeList="http://www.isotc211.org/2005/resources/Codelist/gmxCodelists.xml#MD_RestrictionCode"
                                          codeListValue="otherRestrictions">otherRestrictions</gmd:MD_RestrictionCode>
               </gmd:useConstraints>
               <gmd:otherConstraints>
                  <gco:CharacterString>Use Constraints: None. Acknowledgment of the U.S. Department of Agriculture, National Agricultural Statistics Service is appreciated in products derived from these data.</gco:CharacterString>
               </gmd:otherConstraints>
            </gmd:MD_LegalConstraints>
         </gmd:resourceConstraints>
         <gmd:resourceConstraints>
            <gmd:MD_LegalConstraints>
               <gmd:accessConstraints>
                  <gmd:MD_RestrictionCode codeList="http://www.isotc211.org/2005/resources/Codelist/gmxCodelists.xml#MD_RestrictionCode"
                                          codeListValue="otherRestrictions">otherRestrictions</gmd:MD_RestrictionCode>
               </gmd:accessConstraints>
               <gmd:otherConstraints>
                  <gco:CharacterString>Access Constraints: None</gco:CharacterString>
               </gmd:otherConstraints>
            </gmd:MD_LegalConstraints>
         </gmd:resourceConstraints>
         <gmd:language>
            <gco:CharacterString>eng; USA</gco:CharacterString>
         </gmd:language>
         <gmd:extent>
            <gmd:EX_Extent id="boundingExtent">
               <gmd:geographicElement>
                  <gmd:EX_GeographicBoundingBox id="boundingGeographicBoundingBox">
                     <gmd:westBoundLongitude>
                        <gco:Decimal>-88.08974457</gco:Decimal>
                     </gmd:westBoundLongitude>
                     <gmd:eastBoundLongitude>
                        <gco:Decimal>-84.78767395</gco:Decimal>
                     </gmd:eastBoundLongitude>
                     <gmd:southBoundLatitude>
                        <gco:Decimal>37.77304840</gco:Decimal>
                     </gmd:southBoundLatitude>
                     <gmd:northBoundLatitude>
                        <gco:Decimal>41.76232147</gco:Decimal>
                     </gmd:northBoundLatitude>
                  </gmd:EX_GeographicBoundingBox>
               </gmd:geographicElement>
               <gmd:temporalElement>
                  <gmd:EX_TemporalExtent>
                     <gmd:extent>
                        <gml:TimeInstant gml:id="d339505e49">
                           <gml:timePosition>2016-01-01</gml:timePosition>
                        </gml:TimeInstant>
                     </gmd:extent>
                  </gmd:EX_TemporalExtent>
               </gmd:temporalElement>
            </gmd:EX_Extent>
         </gmd:extent>
      </gmd:MD_DataIdentification>
   </gmd:identificationInfo>
   <gmd:distributionInfo>
      <gmd:MD_Distribution>
         <gmd:distributionFormat>
            <gmd:MD_Format>
               <gmd:name>
                  <gco:CharacterString>Original metadata record from dataset provider</gco:CharacterString>
               </gmd:name>
               <gmd:version gco:nilReason="unknown"/>
            </gmd:MD_Format>
         </gmd:distributionFormat>
         <gmd:distributor>
            <gmd:MD_Distributor>
               <gmd:distributorContact>
                  <gmd:CI_ResponsibleParty>
                     <gmd:individualName>
                        <gco:CharacterString>Matthew Deaton</gco:CharacterString>
                     </gmd:individualName>
                     <gmd:organisationName>
                        <gco:CharacterString>USDA/NASS/RDD/GIB/AFS</gco:CharacterString>
                     </gmd:organisationName>
                     <gmd:positionName>
                        <gco:CharacterString>Executive Director</gco:CharacterString>
                     </gmd:positionName>
                     <gmd:contactInfo>
                        <gmd:CI_Contact>
                           <gmd:phone>
                              <gmd:CI_Telephone>
                                 <gmd:voice>
                                    <gco:CharacterString>703-877-8000</gco:CharacterString>
                                 </gmd:voice>
                              </gmd:CI_Telephone>
                           </gmd:phone>
                           <gmd:address>
                              <gmd:CI_Address>
                                 <gmd:deliveryPoint>
                                    <gco:CharacterString>3251 Old Lee Highway, Suite 301</gco:CharacterString>
                                 </gmd:deliveryPoint>
                                 <gmd:city>
                                    <gco:CharacterString>Fairfax</gco:CharacterString>
                                 </gmd:city>
                                 <gmd:administrativeArea>
                                    <gco:CharacterString>Virginia</gco:CharacterString>
                                 </gmd:administrativeArea>
                                 <gmd:postalCode>
                                    <gco:CharacterString>22030</gco:CharacterString>
                                 </gmd:postalCode>
                                 <gmd:country>
                                    <gco:CharacterString/>
                                 </gmd:country>
                              </gmd:CI_Address>
                           </gmd:address>
                        </gmd:CI_Contact>
                     </gmd:contactInfo>
                     <gmd:role>
                        <gmd:CI_RoleCode codeList="http://www.ngdc.noaa.gov/metadata/published/xsd/schema/resources/Codelist/gmxCodelists.xml#CI_RoleCode"
                                         codeListValue="distributor">distributor</gmd:CI_RoleCode>
                     </gmd:role>
                  </gmd:CI_ResponsibleParty>
               </gmd:distributorContact>
               <gmd:distributionOrderProcess>
                  <gmd:MD_StandardOrderProcess>
                     <gmd:fees>
                        <gco:CharacterString>Not applicable</gco:CharacterString>
                     </gmd:fees>
                  </gmd:MD_StandardOrderProcess>
               </gmd:distributionOrderProcess>
            </gmd:MD_Distributor>
         </gmd:distributor>
         <gmd:transferOptions>
            <gmd:MD_DigitalTransferOptions>
               <gmd:onLine>
                  <gmd:CI_OnlineResource>
                     <gmd:linkage>
                        <gmd:URL>http://maps.indiana.edu/metadata/environment/Agriculture_Cultivated_Areas.xml</gmd:URL>
                     </gmd:linkage>
                     <gmd:name>
                        <gco:CharacterString>Original metadata record from dataset provider</gco:CharacterString>
                     </gmd:name>
                     <gmd:description>
                        <gco:CharacterString/>
                     </gmd:description>
                     <gmd:function>
                        <gmd:CI_OnLineFunctionCode codeList="http://www.ngdc.noaa.gov/metadata/published/xsd/schema/resources/Codelist/gmxCodelists.xml#CI_OnLineFunctionCode"
                                                   codeListValue=""/>
                     </gmd:function>
                  </gmd:CI_OnlineResource>
               </gmd:onLine>
            </gmd:MD_DigitalTransferOptions>
         </gmd:transferOptions>
      </gmd:MD_Distribution>
   </gmd:distributionInfo>
   <gmd:metadataConstraints>
      <gmd:MD_LegalConstraints>
         <gmd:accessConstraints>
            <gmd:MD_RestrictionCode codeList="http://www.isotc211.org/2005/resources/Codelist/gmxCodelists.xml#MD_RestrictionCode"
                                    codeListValue="otherRestrictions">otherRestrictions</gmd:MD_RestrictionCode>
         </gmd:accessConstraints>
         <gmd:otherConstraints>
            <gco:CharacterString>Metadata Use Constraints: This metadata record was generated within the NSGIC GIS Inventory (https://www.gisinventory.net) and may include information imported from an original metadata record. The content has been standardized to facilitate data discovery and may not reflect the actual parameters (scale, geographic location, attributes, etc.) of the data resource being described. Users are strongly encouraged to access the original metadata record if documented, above, under 'Distribution Information'.</gco:CharacterString>
         </gmd:otherConstraints>
      </gmd:MD_LegalConstraints>
   </gmd:metadataConstraints>
   <gmd:metadataMaintenance>
      <gmd:MD_MaintenanceInformation>
         <gmd:maintenanceAndUpdateFrequency>
            <gmd:MD_MaintenanceFrequencyCode codeList="http://www.ngdc.noaa.gov/metadata/published/xsd/schema/resources/Codelist/gmxCodelists.xml#MD_MaintenanceFrequencyCode"
                                             codeListValue="annually">annually</gmd:MD_MaintenanceFrequencyCode>
         </gmd:maintenanceAndUpdateFrequency>
         <gmd:maintenanceNote>
            <gco:CharacterString> This metadata was automatically generated from the FGDC Content Standards for Digital Geospatial Metadata standard (version FGDC-STD-001-1998) using the 2012-06-20T17:21:00 version of the FGDC RSE to ISO 19115-2 transform.</gco:CharacterString>
         </gmd:maintenanceNote>
         <gmd:maintenanceNote>
            <gco:CharacterString>Last Metadata Review Date: 2016-12-16</gco:CharacterString>
         </gmd:maintenanceNote>
         <gmd:contact>
            <gmd:CI_ResponsibleParty>
               <gmd:organisationName>
                  <gco:CharacterString>NSGIC GIS Inventory</gco:CharacterString>
               </gmd:organisationName>
               <gmd:contactInfo>
                  <gmd:CI_Contact>
                     <gmd:phone>
                        <gmd:CI_Telephone>
                           <gmd:voice>
                              <gco:CharacterString>(443) 640-1075</gco:CharacterString>
                           </gmd:voice>
                        </gmd:CI_Telephone>
                     </gmd:phone>
                     <gmd:address>
                        <gmd:CI_Address>
                           <gmd:deliveryPoint>
                              <gco:CharacterString>9 Newport Drive, Suite 200</gco:CharacterString>
                           </gmd:deliveryPoint>
                           <gmd:city>
                              <gco:CharacterString>Forest Hill</gco:CharacterString>
                           </gmd:city>
                           <gmd:administrativeArea>
                              <gco:CharacterString>MD</gco:CharacterString>
                           </gmd:administrativeArea>
                           <gmd:postalCode>
                              <gco:CharacterString>21050</gco:CharacterString>
                           </gmd:postalCode>
                           <gmd:country>
                              <gco:CharacterString>USA</gco:CharacterString>
                           </gmd:country>
                           <gmd:electronicMailAddress>
                              <gco:CharacterString>contact@gisinventory.net</gco:CharacterString>
                           </gmd:electronicMailAddress>
                        </gmd:CI_Address>
                     </gmd:address>
                  </gmd:CI_Contact>
               </gmd:contactInfo>
               <gmd:role>
                  <gmd:CI_RoleCode codeList="http://www.ngdc.noaa.gov/metadata/published/xsd/schema/resources/Codelist/gmxCodelists.xml#CI_RoleCode"
                                   codeListValue="pointOfContact">pointOfContact</gmd:CI_RoleCode>
               </gmd:role>
            </gmd:CI_ResponsibleParty>
         </gmd:contact>
      </gmd:MD_MaintenanceInformation>
   </gmd:metadataMaintenance>
</gmi:MI_Metadata>
