MarketName,x,y
3.6 West Lafayette Farmers Market,-86.915836,40.461469
4.5 Sagamore West Farmers Market,-86.9136,40.4445
5.6 Purdue Farmers Market,-86.914239,40.42583
6.7 Historic Lafayette Farmers Market,-86.891895,40.417715
20.3 Monticello Farmer's Market,-86.7625086,40.7452318
20.7 Remington Farmers Market,-87.1514,40.76
28.2 Frankfort Farmers Market,-86.511368,40.280691
31.6 Crawfordsville Farmers Market,-86.901777,40.040589
31.9 Rensselaer Farmers Market,-87.1501069,40.9356403
36.2 Logansport Farmers Market,-86.365328,40.752621
40.6 Lebanon City Market,-86.4680447,40.0475885
43.8 Kokomo Downtown Farmers' Market,-86.133519,40.488463
48.1 Rockville Produce Auction LLC,-87.1625,39.8155
